{
  "threshold": 0.1,
  "iou": 0.599007412467184,
  "dice": 0.7300165129454578,
  "precision": 0.8632734976104027,
  "recall": 0.684150327384492
}