{
  "threshold": 0.1,
  "iou": 0.6086765628040824,
  "dice": 0.7347191441287685,
  "precision": 0.865286651905434,
  "recall": 0.6953487201054221
}