{
  "threshold": 0.85,
  "iou": 0.6917357844830307,
  "dice": 0.7740398270305126,
  "precision": 0.766649092294166,
  "recall": 0.8580096020645461
}