{
  "threshold": 0.8,
  "iou": 0.6880571631530368,
  "dice": 0.7739442369661368,
  "precision": 0.7655313481608808,
  "recall": 0.8606897980870105
}