{
  "threshold": 0.1,
  "iou": 0.5978969972475058,
  "dice": 0.7279600885917998,
  "precision": 0.8719687043918503,
  "recall": 0.6772219424950527
}