{
  "threshold": 0.9,
  "iou": 0.6916185308320065,
  "dice": 0.7773007857545869,
  "precision": 0.7725931781731988,
  "recall": 0.8586842068584036
}