{
  "threshold": 0.1,
  "iou": 0.619225062850162,
  "dice": 0.7426251499198868,
  "precision": 0.882031947950459,
  "recall": 0.6846984714574573
}