{
  "iou": 0.6887127043356317,
  "dice": 0.7727995455043796,
  "precision": 0.737437449835363,
  "recall": 0.8953221413404538
}