{
  "iou": 0.6812974065965444,
  "dice": 0.7685331902302261,
  "precision": 0.7304725689704584,
  "recall": 0.8957244372193267
}