{
  "iou": 0.6711917816750194,
  "dice": 0.7552685427318504,
  "precision": 0.7246756717318296,
  "recall": 0.8719236004400318
}