{
  "iou": 0.6966587201119682,
  "dice": 0.774490242015353,
  "precision": 0.7974673707223866,
  "recall": 0.8198131276594285
}