{
  "iou": 0.7553338862661223,
  "dice": 0.8209547202601745,
  "precision": 0.8335387322199376,
  "recall": 0.8398174984673178
}