{
  "threshold": 0.1,
  "iou": 0.5939239467597653,
  "dice": 0.7239064927724969,
  "precision": 0.8628157131907072,
  "recall": 0.6805032980786058
}