{
  "iou": 0.673378719255138,
  "dice": 0.7569373535760191,
  "precision": 0.7230066258506286,
  "recall": 0.8688847061337075
}