{
  "iou": 0.5774875157280105,
  "dice": 0.7106910652024201,
  "precision": 0.8914110216983008,
  "recall": 0.6371410077691946
}