{
  "iou": 0.6817048894511826,
  "dice": 0.7679154579630636,
  "precision": 0.7356665885103786,
  "recall": 0.8920006712394819
}