{
  "threshold": 0.85,
  "iou": 0.6906446585488791,
  "dice": 0.7762768771716928,
  "precision": 0.7678520028796927,
  "recall": 0.8625863784686241
}