{
  "iou": 0.683945040107693,
  "dice": 0.768036959253538,
  "precision": 0.7366790752367454,
  "recall": 0.889478878031454
}