{
  "iou": 0.6824099137356188,
  "dice": 0.7675099710999795,
  "precision": 0.7368454921761722,
  "recall": 0.8934136256552007
}