{
  "threshold": 0.85,
  "iou": 0.6980918609192404,
  "dice": 0.7818261116383558,
  "precision": 0.774055885377496,
  "recall": 0.8570468480438491
}