{
  "threshold": 0.1,
  "iou": 0.6108817214118852,
  "dice": 0.7389200870216731,
  "precision": 0.8674412675429153,
  "recall": 0.6962238856665325
}