{
  "threshold": 0.85,
  "iou": 0.6790910892383596,
  "dice": 0.7601054941190257,
  "precision": 0.7505389378291747,
  "recall": 0.831443049377884
}