{
  "iou": 0.6865574624326573,
  "dice": 0.7707020056167756,
  "precision": 0.7406028540852525,
  "recall": 0.8936392106929981
}