{
  "threshold": 0.65,
  "iou": 0.680741822262296,
  "dice": 0.7686295444961742,
  "precision": 0.7534795983375451,
  "recall": 0.8653360800150615
}