{
  "threshold": 0.1,
  "iou": 0.6204467088486046,
  "dice": 0.7462079040660876,
  "precision": 0.8797810581953238,
  "recall": 0.6868205659611913
}