{
  "iou": 0.6829824422082219,
  "dice": 0.7683260050735676,
  "precision": 0.7350331070437849,
  "recall": 0.8974501398619216
}