{
  "iou": 0.6796160034141125,
  "dice": 0.7676864854182052,
  "precision": 0.7421719351882174,
  "recall": 0.8803904464027374
}