{
  "iou": 0.6901893901933989,
  "dice": 0.7740071379407605,
  "precision": 0.7517247359928874,
  "recall": 0.8799563051528604
}