{
  "threshold": 0.8,
  "iou": 0.6787660237662809,
  "dice": 0.7607846114385141,
  "precision": 0.7482422733802582,
  "recall": 0.851998613862816
}