{
  "num_images": 500,
  "num_written": 500,
  "num_missing_label": 0,
  "num_empty_risk": 110,
  "risk_ids": [
    1,
    4,
    10,
    12,
    13,
    14,
    15,
    20,
    25,
    29,
    32,
    33,
    34,
    35,
    36,
    37,
    40,
    41,
    42,
    48,
    49,
    54,
    57,
    58,
    60,
    61,
    63
  ],
  "area_ratios": [
    0.0,
    0.01834228515625,
    0.12577099609375,
    0.06582958984375,
    0.12970703125,
    0.16012939453125,
    0.00727880859375,
    0.02799609375,
    0.0002666015625,
    0.0,
    0.03488525390625,
    0.1888017578125,
    0.0,
    0.01507421875,
    0.0,
    0.0,
    0.0019716796875,
    0.00172314453125,
    0.0035986328125,
    0.00924853515625,
    0.0,
    0.0047646484375,
    0.0,
    0.0008232421875,
    0.2652548828125,
    0.0,
    0.0029716796875,
    0.041166015625,
    0.0,
    0.01006005859375,
    0.10503466796875,
    0.10634912109375,
    0.0569716796875,
    0.13840771484375,
    0.14611572265625,
    0.03195947265625,
    0.03896435546875,
    0.0684423828125,
    0.0,
    0.0,
    0.001302734375,
    0.0024482421875,
    0.05476416015625,
    0.027552734375,
    0.000109375,
    0.044662109375,
    0.0,
    0.00219580078125,
    0.034794921875,
    0.1222646484375,
    0.05399755859375,
    0.1025205078125,
    0.06790185546875,
    0.142666015625,
    0.12421337890625,
    0.08093798828125,
    0.0,
    0.3073388671875,
    0.03277294921875,
    0.01142041015625,
    0.05424072265625,
    0.0,
    0.06228662109375,
    0.1035869140625,
    0.05083154296875,
    0.000240234375,
    0.16473828125,
    0.02026025390625,
    0.03731396484375,
    0.022205078125,
    0.07147216796875,
    0.0,
    0.0,
    0.02084375,
    0.00748974609375,
    0.00549755859375,
    0.0050087890625,
    0.04425341796875,
    0.03270166015625,
    0.0003310546875,
    0.07769873046875,
    0.0,
    0.0,
    0.00650341796875,
    0.020998046875,
    0.0,
    0.07277587890625,
    0.00138134765625,
    0.0,
    0.03367578125,
    0.05475048828125,
    0.01128564453125,
    0.00390869140625,
    0.0,
    0.0,
    0.000974609375,
    0.0,
    0.0,
    0.2119609375,
    0.00624072265625,
    0.02979150390625,
    0.0427294921875,
    0.06970068359375,
    0.0050546875,
    0.0004423828125,
    0.000892578125,
    0.0,
    0.02610498046875,
    0.00153662109375,
    0.07594384765625,
    0.05975048828125,
    0.03695654296875,
    0.0,
    0.0,
    0.05031884765625,
    0.0378017578125,
    0.01856201171875,
    0.0,
    0.0004599609375,
    0.1115390625,
    0.031251953125,
    0.00870458984375,
    0.04779052734375,
    0.01571240234375,
    0.0009853515625,
    0.2220791015625,
    0.0,
    7.32421875e-05,
    0.07898095703125,
    0.0209287109375,
    0.01970703125,
    0.00235595703125,
    0.03894140625,
    0.101708984375,
    0.0001845703125,
    0.4248681640625,
    0.0,
    0.20038623046875,
    0.002138671875,
    0.00512841796875,
    0.0,
    0.00231640625,
    0.35306298828125,
    0.10306982421875,
    0.0,
    0.72734033203125,
    0.0,
    0.00998193359375,
    0.0138544921875,
    0.02462548828125,
    0.00432177734375,
    2.44140625e-05,
    0.12463037109375,
    0.03991796875,
    0.06100390625,
    0.29307080078125,
    0.0,
    0.000251953125,
    0.0,
    0.40660205078125,
    0.0,
    0.02627392578125,
    0.0033017578125,
    0.0,
    0.0008984375,
    0.00722802734375,
    0.00301123046875,
    0.05082568359375,
    0.01814111328125,
    0.0,
    0.00414111328125,
    8.30078125e-05,
    0.09643408203125,
    0.0015888671875,
    0.0030966796875,
    0.03777392578125,
    0.03758544921875,
    0.0026064453125,
    0.1776220703125,
    0.144126953125,
    0.0215693359375,
    0.0104091796875,
    0.1755693359375,
    0.17111328125,
    0.0013798828125,
    0.090224609375,
    0.269638671875,
    0.0,
    0.00247802734375,
    0.09298974609375,
    0.03007177734375,
    0.101708984375,
    0.02797509765625,
    0.0023701171875,
    0.1444912109375,
    0.027978515625,
    0.0,
    0.00464013671875,
    0.052529296875,
    0.0082431640625,
    0.0,
    0.0,
    0.06140869140625,
    0.1295234375,
    0.0,
    3.662109375e-05,
    0.00484619140625,
    0.01600244140625,
    0.00021484375,
    0.0,
    0.0228154296875,
    0.07872802734375,
    0.001263671875,
    0.0,
    0.0385888671875,
    0.0055341796875,
    0.00110009765625,
    0.00041015625,
    0.0,
    0.00207568359375,
    0.0,
    0.12073974609375,
    0.12947265625,
    0.00476708984375,
    0.13002392578125,
    0.0506748046875,
    0.00210791015625,
    0.10714990234375,
    0.00293359375,
    0.0,
    0.0,
    0.03576611328125,
    0.0224326171875,
    0.00761669921875,
    0.01757861328125,
    0.01876806640625,
    0.01092578125,
    0.04362939453125,
    0.0001318359375,
    0.1050751953125,
    0.0,
    0.0018427734375,
    0.05910986328125,
    0.0,
    0.0039267578125,
    0.0006826171875,
    0.04485009765625,
    0.001921875,
    0.10866552734375,
    0.04005908203125,
    0.0519189453125,
    0.04927587890625,
    0.02276123046875,
    0.23722265625,
    0.0,
    0.0,
    0.00604150390625,
    0.093447265625,
    0.0041708984375,
    0.010078125,
    0.2901484375,
    0.053396484375,
    0.05557373046875,
    0.0076171875,
    0.00245068359375,
    0.09359423828125,
    0.00015966796875,
    0.0,
    0.00041650390625,
    0.0,
    0.13098681640625,
    0.02538818359375,
    0.0385712890625,
    0.0952294921875,
    0.00610595703125,
    0.0,
    0.0006650390625,
    0.0007431640625,
    0.0001279296875,
    0.0643564453125,
    0.01040625,
    0.0,
    0.0,
    0.27451513671875,
    0.0,
    0.0,
    0.0,
    0.00862646484375,
    0.078990234375,
    0.0,
    0.0,
    0.0,
    0.20858740234375,
    0.011205078125,
    0.00565380859375,
    0.09923779296875,
    0.0,
    0.02017724609375,
    0.0,
    0.0,
    0.0,
    0.01664697265625,
    0.0003505859375,
    0.00831201171875,
    0.007810546875,
    0.0025126953125,
    0.0062548828125,
    0.07372705078125,
    0.0,
    0.02764697265625,
    0.0778251953125,
    0.02011279296875,
    0.0177880859375,
    0.03590185546875,
    0.0007060546875,
    0.0124384765625,
    0.19021826171875,
    0.03115576171875,
    0.0,
    0.0844677734375,
    4.78515625e-05,
    0.0,
    0.003568359375,
    0.0361357421875,
    0.0316640625,
    0.190162109375,
    0.0,
    0.0743251953125,
    0.00681982421875,
    0.001935546875,
    0.02405517578125,
    0.011283203125,
    0.0430595703125,
    0.0,
    0.12997607421875,
    0.0,
    0.01276171875,
    0.0,
    0.01124853515625,
    0.0,
    0.073791015625,
    0.03270166015625,
    0.0165908203125,
    9.765625e-07,
    0.30167041015625,
    0.02482861328125,
    0.0116533203125,
    0.0,
    1.123046875e-05,
    0.02438134765625,
    0.00306884765625,
    0.14440966796875,
    8.3984375e-05,
    0.07262109375,
    0.0,
    0.0,
    0.0796201171875,
    0.0,
    0.03195947265625,
    0.0428193359375,
    1.46484375e-05,
    0.000501953125,
    0.006705078125,
    0.00932958984375,
    0.07354296875,
    0.0,
    0.0022431640625,
    0.0,
    0.2438935546875,
    0.18927392578125,
    0.0,
    8.0078125e-05,
    0.16908447265625,
    0.0046533203125,
    0.0557548828125,
    0.02201904296875,
    0.0386845703125,
    0.0,
    0.2765,
    0.23742822265625,
    0.03177734375,
    0.001095703125,
    0.01644580078125,
    0.0704150390625,
    0.0841748046875,
    0.000224609375,
    0.0865888671875,
    0.0940439453125,
    0.0519755859375,
    0.01777392578125,
    0.04598583984375,
    0.1243544921875,
    0.192556640625,
    0.0,
    0.056525390625,
    0.057130859375,
    0.11592919921875,
    0.0,
    0.0,
    0.0072998046875,
    0.00130859375,
    0.0426669921875,
    0.00107080078125,
    0.01610498046875,
    0.0,
    0.0,
    0.0,
    8.447265625e-05,
    0.00436474609375,
    0.00306640625,
    0.0,
    0.0301982421875,
    1.46484375e-05,
    0.0665224609375,
    0.0,
    0.0,
    0.0224345703125,
