{
  "iou": 0.6620386022864518,
  "dice": 0.7512250280303043,
  "precision": 0.7199389222257503,
  "recall": 0.8550551204459836
}