{
  "threshold": 0.1,
  "iou": 0.5980601133275469,
  "dice": 0.7264154805327913,
  "precision": 0.861382315430955,
  "recall": 0.6886510588688718
}