{
  "iou": 0.04787762110345376,
  "dice": 0.08570303906436424,
  "precision": 0.29157131931383795,
  "recall": 0.0587825705417364
}