{
  "threshold": 0.1,
  "iou": 0.603407395565852,
  "dice": 0.7338734599023723,
  "precision": 0.8624054601697474,
  "recall": 0.6914500373080027
}