{
  "threshold": 0.8,
  "iou": 0.6923064047225892,
  "dice": 0.7763817710271745,
  "precision": 0.7675095447559881,
  "recall": 0.8646116491822406
}