{
  "iou": 0.581403247962401,
  "dice": 0.7133441221389548,
  "precision": 0.8937003168400689,
  "recall": 0.6398527823347224
}